{
  "eye": {
    "orientation": [
      -0.39583060145378113,
      -0.08732148259878159,
      0.05343022570014,
      0.9125997424125671
    ],
    "magnitude": 0.5773502588272095,
    "position": [
      -42.7994270324707,
      151.53640747070312,
      142.14393615722656
    ]
  },
  "paths": [],
  "ortho": false,
  "radius": 100,
  "visualHints": 2
}