{
  "eye": {
    "orientation": [
      -0.3826834261417389,
      0,
      0,
      0.9238795638084412
    ],
    "magnitude": 0.5773502588272095,
    "position": [
      0,
      150,
      150
    ]
  },
  "paths": [],
  "ortho": false,
  "radius": 100,
  "visualHints": 2
}